epoch,val_fps
1,41.284253406967224
2,32.704874907137246
3,41.55494280603092
4,41.223202161489496
5,41.61091038226839
6,41.611163232445755
7,41.31643664338462
8,41.31699626488688
9,41.66508009834889
10,41.40623064802331
